id,f0,f1,f2,f3,f4,f5,f6,f7,f8,f9,f10,f11,f12,f13,f14,f15,f16,f17,f18,f19,group
c00,0.1257302210933933,-0.1321048632913019,0.6404226504432821,0.10490011715303971,-0.535669373161111,0.36159505490948474,1.3040000451301372,0.9470809631292422,-0.7037352358069926,-1.2654214710460525,-0.6232744625373522,0.0413259793472436,-2.3250307746388343,-0.21879166393254573,-1.2459109472530652,-0.7322673547034516,-0.5442589828573099,-0.31630015636915454,0.4116305363741328,1.0425133694426776,the
c01,-0.12853466294403426,1.3664634705496859,-0.6651946734866135,0.3515100700930197,0.9034701816518086,0.09401229776087457,-0.7434992493538084,-0.9217253762584194,-0.45772582566733916,0.2201951234700494,-1.009618183538736,-0.20917557487171307,-0.15922500991447772,0.5408455846858077,0.2146591225063409,0.3553727090399214,-0.6538286094183394,-0.12961363369276946,0.7839754700613295,1.4934311452207607,low
c02,-1.2590655321041202,1.5139237747390626,1.3458754237823045,0.7813114007004275,0.2644556303293035,-0.3139228145364278,1.4580206835369587,1.9602583164499647,1.801634869866125,1.31510376473437,0.357380410658956,-1.2083186322821715,-0.004454133120083229,0.6564749350763358,-1.2883614637495544,0.39512206018200824,0.42986369482223,0.6960427239628685,-1.184117966757189,-0.6617025720390349,low
c03,-0.43643524714322124,-1.169801907772864,1.739367877130134,-0.4959107284421519,0.3289696294602021,,1.5834728788021222,1.3203609870818391,0.6333526228249152,-2.2035098806466507,0.05202897425988651,0.6836861907765345,1.0039615758421696,-0.6179070447076008,1.8220113633283233,-1.3204309700132935,-0.6615280218152191,0.9350499881140221,0.049054613825311656,2.002392583645255,strong
c04,0.18851919251246557,-0.6331940901922267,-0.37756350523280824,-1.0911461176191954,-1.277680166386608,0.6304114907682319,0.5811658124128057,1.294558819441117,-0.7546057912599311,1.689107452443673,-0.2873877078086663,1.5744082788445868,-0.4327858471825968,-0.735483292342275,0.24978537155866684,1.0314530848694723,0.16100957671534466,-0.5855288241233366,-1.341219714076669,-1.401520214917428,strong
c05,0.5026828498748657,0.989713033285805,-0.1642945926252907,-1.0743648582284346,0.8730421526217066,-1.2803939447145731,-0.7130680950592722,0.6210178535400985,-2.2501411735745918,0.38636959756630584,-0.5816408364095031,0.10927969747781388,-0.07570152622082311,0.20211439504395987,0.6941719367070082,-0.7583697508984092,1.4209820223119163,0.726093788947765,0.843732662303268,1.1648639811110282,low
c06,0.7875882217058694,0.844078680578592,0.07559361074288512,-1.4267738509897323,-0.13504510003701392,-0.7695146401767057,-1.4227417685154136,0.25845279091298756,-0.5685494541476426,-1.0298044380114637,-1.0430010800715654,0.26841707970891465,0.35867194917034445,1.3224574697668332,-0.013914668524093734,1.0418397592128221,1.4022648267725224,1.1501656361496921,-2.3653039062769743,1.228683719203421,strong
c07,0.33962000824864264,0.42377135285334727,0.37122741773625884,0.3827571602707609,0.3194142202523809,-0.35891330853862047,-1.9016352983759945,-0.10891472790742324,-0.8037318485206766,1.0801634125378852,-0.2887665059953775,0.08347535610700986,-0.8496059556101431,-0.5106224678981267,-0.011533061686586776,-1.4853751842635452,0.3006851142946058,-0.10607225344775092,-1.1857198050052338,-2.3982328653977714,strong
c08,0.513052133880305,-0.29758403894333035,-0.5300084132181584,-0.23615462985294203,1.816475940881144,-0.049800969059643194,0.08661926298854213,-1.487072869675398,1.6473390663560998,0.9174879834442943,1.066934867005179,0.0476727312116796,0.9166547888245957,0.37094683509441023,0.6131890778590062,-0.1521929584082903,-1.473887948041959,1.028854347803183,-1.934959636609707,-0.23993667125803605,strong
c09,-0.20452248839966083,-1.0428601409845046,0.6131231363365798,-0.20032970140956835,-0.4368683255972816,0.5198417309776412,-0.47657904055841377,1.3889799748383085,0.35145507618731386,-0.47433298683443925,-1.9442649759855442,-1.3077531969011476,1.0868307847683634,-0.050604063111342405,-0.2831250656795347,1.643251614242697,-1.2826492440738984,-0.5856577998413593,-0.47258767675848407,0.5863372815313004,strong
c10,-0.663535198304047,-0.6134178486140281,-1.6051493968851136,0.7293494040178566,0.8061393585150219,-0.476376747401162,0.16333994554129863,-1.2926461227593415,-0.4718131547409021,1.377950952722521,0.13573073406713437,2.310363486795888,-0.7871927421571577,0.5802844167243075,-0.19550582783310236,0.5658178468280931,-0.0072113596587564995,-0.5611981104091591,-0.8676167643217026,3.0660367390488967,low
c11,-0.07734505972421603,-2.016660690233245,-0.6486006079033346,0.6780397271239971,-0.5000084331847482,1.3604462024852575,1.0023982728439578,-0.1523386358242358,-0.47221594277604334,-1.0048010070276965,-0.6999665423133247,-1.473143074665625,1.2043962915330844,1.5907007871260619,-1.256138069727733,-1.1816829756864633,-1.768511857086917,-0.963854230732174,-3.1063368012832915,-1.1422789566319196,the
c12,1.2969153998005238,-0.345672529464465,0.8545842348534083,-0.4889690638420449,1.760667296993123,0.19921798301385701,-0.3820022921434805,2.552424025371081,-0.3244718562854392,-1.2212233497261362,0.2019100019601099,-0.03883503855807973,1.066324553166257,-0.9216339244978112,0.8047169314794976,0.8527484705742913,-0.6676872919350705,0.16324400572267767,-0.8307519568543374,2.3458080738406677,strong
c13,-0.7041395622801669,-0.4530744436687142,-1.0658380219633747,-0.3461212751731734,-0.005876026696904225,0.7677891353446865,-0.6104866460656994,-0.1857739586715857,-1.416489366414042,-0.8274022267661552,2.755807558275951,1.0412431916947957,-0.7814240416773149,-1.3373972415282913,-0.9755828305996581,-0.02169085951373511,0.034727788359190326,-0.7443606009308561,-1.2865744667376442,1.4223785052484463,the
c14,0.4516854512950959,-0.3745680195679353,-0.22066120781608659,-0.5295304591256691,-2.9360454460171126,,-1.070544409695766,-1.0026842990328195,-0.6402624053903738,0.7323017147112972,-1.170530808407683,-1.434281459674122,0.6398520751723783,0.7543689046395509,-0.958933707794222,0.5623976772929592,-0.2916324304147521,0.3012921765535601,-1.2609602800655342,0.8328944493608352,strong
c15,1.203258954116498,0.6370732356261833,0.5583399616951433,-3.772275156122734,0.2606297490669398,-0.025445316692543535,-0.1470455068463331,-0.63057798997102,0.0553649749135539,0.41211740512833367,-0.263788160540625,-0.46332413970987085,1.2297538109392712,-1.1053671072691253,1.0301551978238768,0.17681246373052467,-0.8043056452824273,-0.28998189606931385,-0.9199936028121969,0.6750645184094394,strong
c16,0.3479017619704715,-0.5567961751531812,-1.102218299054223,0.30171609350107054,0.9573856068419316,-0.11383634938188146,0.41835250088922316,-0.37602715054974273,0.06756920600942723,-0.2912829113936885,0.2940421429749802,-1.509772513035727,0.6441905231896892,-0.2299324816033148,0.3586080676493852,-0.340310127466209,0.3203611893741035,-1.0725628041289215,1.189154412488462,-1.7035445876372979,the
c17,-1.0392388147791862,0.23566606953963426,1.462842285184577,0.2781263018080308,-0.24790845527908614,-1.4250901432432643,-0.19127666443013225,-0.019877011042093756,1.690568645339397,0.6221252216057821,-1.5290928749284465,2.0267790952431928,-0.39500987549879313,-0.8794597147043167,1.4748226520869099,-0.049755760296968106,-0.3674025993780988,0.2187859889352313,0.8448887803757161,0.9933362044496503,the
c18,-1.3752024000527405,1.9984814702717295,0.9468615879956256,-0.37920106201315124,-0.8186598515214158,-0.9690124307582063,0.12337843757618257,-0.6480162941896269,-0.7648739652865205,0.8112544049416356,0.36456734382632344,-0.3945712584237112,0.7342475961853729,1.3673786263056709,-1.0944963126296459,-0.6032918841422477,0.9426218402198768,0.7189405658150543,0.22669885643799229,1.1624211875584574,low
c19,-1.0882117291190974,-1.479137833771104,-0.8665073572768981,0.12254409553604008,-0.7960867750951038,,-0.9750001191003014,-0.6204291445949027,-1.0047872189929943,0.36746620574561295,0.7948910679832192,-0.48044593951821124,-0.2072657954706782,-0.5810325725119153,0.5312512156361892,0.08905603873921995,1.5941569003382141,-1.0954720366375337,0.36250249919104766,0.4439913996466691,low
c20,-0.3604401709908981,0.5835341273827435,-1.4385226489904384,2.118803030729321,-1.3420444532864415,0.9198072605649881,-1.121122678939223,1.1508830312317526,-0.3847740266090023,0.15842290716221127,0.05334375570673462,1.100734095024795,-0.32154745014292635,-2.9671837099839435,-0.7600587900644338,0.18371232308894828,-0.4404682048702619,0.7698208513207979,1.0153269959744686,-0.14777180989980965,low
c21,-1.4896453943825119,1.3841651100058967,1.0830535001068178,-0.29919113426702376,2.1082884113927522,-0.3488754600926644,-1.1371197204183754,-0.1558734337510055,1.0778337155057705,-0.9374534425425158,1.9512250777434486,-0.8965262145720566,0.9544222763812404,0.544462374203177,-0.15405705958282354,1.080532978717757,-1.4997987888681947,1.3575717869331891,-0.0636840289702414,-0.5424352498635134,low
c22,0.7491740480400813,1.0598990135992437,0.7697954306236166,1.9995038210449867,1.0807260760500983,1.2835066324204059,-0.5398639371765148,0.10652377706202956,0.5629825823255228,-0.017742236703293637,0.3016352331732358,0.42610476613456866,0.8442439176815353,-0.10160889077002393,-0.34979921539188125,-0.8283156502165506,-0.8917323261422714,1.172451227346323,-0.08452148800245243,0.7869443810905431,low
c23,-1.297363846342752,-1.9381681078391828,-1.0490912309999634,1.146626967509505,1.0680774398324595,0.3320386078520851,-0.8021701501599596,-0.1308026415658544,-0.29776047979893233,-0.34497334609531666,-2.506069837315632,-0.857926385962197,-0.19010887568223522,1.5164277898120941,0.16074305913174441,1.4008882862628078,-0.39370690875944603,-0.2526885812478079,-3.899421730054339,0.463330339207019,low
c24,0.5470956613393337,1.763759069559374,-0.48676121079282914,0.09415415619704649,-0.7055279547210833,-1.1762570649202813,-0.7131079667369583,-0.3449985240857874,1.3554380286698136,0.0022116025733781067,-0.7905448096678757,0.14187782824173303,0.21757135556003437,-0.6762320559749608,1.1432336266295944,-1.88834889097665,-0.21354462808298652,0.6650660656292455,-1.3384325194768547,0.3612537486433768,low
c25,1.2928930501938052,0.45367126425696813,-1.6901599429769263,-0.7281950274352488,1.2323034025042632,0.2983352450652942,-0.009858938489975367,0.4412005947154901,0.7210489500058761,-0.7084652365979932,-0.29040008007295537,0.14291364966681958,-0.5439577217873256,-0.13345155853725454,1.2978717611819932,-0.9678198646920557,1.9266627091351407,1.879344377381986,-1.7134394379643105,-0.14102266511302244,strong
c26,0.3426915696456793,-0.7608710875064288,-0.7410805036847287,-0.2374156967345463,0.7391780871115503,-0.5113338389470944,1.8266938116201166,0.28997400233853204,-0.10257528408332377,1.449259685131458,0.6262811950603524,0.3692867756875739,-0.331140382769525,1.8139856138927497,0.8118215897399867,-0.20341133594471233,-1.5771991506827037,0.3729515417619218,-1.1437400921015901,-1.7159459517583207,strong
c27,-0.2791515054677641,0.2814711025906223,1.2824812336831644,0.28245182528524887,0.8060195271707506,,-0.022532177467557167,0.12421131930450507,0.8622461846199109,0.11606067343101731,0.804078958119873,-0.504199247777134,0.35795490621315673,0.4148664012544231,-1.249775724586651,0.17553862856764266,-0.32036252695140677,-1.9040879486160345,0.9584066801413982,-0.3618586803043011,the
c28,-0.8523900581258608,-0.37731674369381457,0.13820030314832132,1.50790948434714,-0.1659332030062026,0.4724074969585104,1.373579376897762,0.5335505312737927,1.0685641574187916,-0.47650985895095554,0.7710493264739775,-0.057976000069692585,1.0744112374891797,-1.0035595719921404,-0.7795577532427447,1.2687315727053823,-0.19608397256936924,-0.35896064670446953,0.0775724193502392,-0.6894974573528612,low
c29,1.3319413685305603,-1.249162651675905,-0.15059799836040494,0.3469527857023623,-0.10444706906656219,-0.8022875453678814,-0.8683891967525209,0.4253944258208237,-1.030480450166701,0.6462427057150405,-1.524148363645292,-0.5549830967166842,0.03630602236974604,-1.2521519434446158,0.6520108635265922,-0.01853881330950251,-1.0360736815895426,-1.5188882297503954,-1.5655893713726405,0.05103394513032868,strong
c30,-1.1568301070665343,-1.364879600732452,-0.23122593549221063,2.277500524853034,0.2775403612334572,0.7629188335006009,0.21271834626863834,0.7829821661085862,-1.343088650464953,-0.43051197019258486,0.2613508456100389,-0.017916816054972758,-0.19199322011209138,-0.6658760797429369,-0.2583831027042033,-0.7741978238913314,-2.421833014859781,-1.1945084417055867,0.47565293887443977,1.5570779556716277,low
c31,1.813580171323687,0.09675174368870822,0.8933836234441344,0.9079779107107238,-0.6922591838680748,-1.6979398304606041,0.030887319354812974,-1.7622009972405384,-0.3199296129548269,0.6081170867893684,-1.4200694881000024,0.03229538393163682,1.2400181153090652,0.36151247402096365,0.5223217007496789,0.906740413816745,1.73296307213118,0.1514230817231868,1.2295008614331246,-0.06416921633742403,strong
c32,-0.5461688154334842,0.3148209696175649,-0.605812847991671,-0.5731292157665655,-0.6077406304422468,-2.2954241955331667,0.10549947766059664,-1.263835358595468,-0.1072691206682774,1.4499687804848278,-0.5210003231072904,-0.5420091584474772,1.3639093845017958,0.5463057654642988,0.9765270973526429,-0.35529123398699336,0.7480832128709275,-0.6861685891568023,-0.676001725621899,0.5962442782050664,low
c33,-0.5983731712727243,0.7671185432439538,2.3916845354292984,-1.6861525369472856,-0.7522043761212451,1.1201461818426741,-0.14507816949322366,1.1610898497925723,-1.0100642731329075,0.3313441778079705,-0.15055631782284468,0.14037072287334246,0.33111601905536314,-1.2200063626559563,-1.0741374853592944,1.3992440068954228,0.29321371158095555,0.10634633295262737,-0.044074722613553316,0.3565424987061171,the
